EGBA14612NN,243.11,BK.25X6,12,16.88,B548A52,2,20.26,,,
EGBA14624LL,445.7,BK.25X6,24,16.88,B548A52,2,20.26,,,
EGBA14612GG,243.11,BK.25X6,12,16.88,B548A52,2,20.26,,,
EGBA14630CC,547,BK.25X6,30,16.88,B548A52,2,20.26,,,
EGBA14412GG,168.83,BK.25X4,12,12.38,B548A42,2,10.13,,,
EGBA14412NN,168.83,BK.25X4,12,12.38,B548A42,2,10.13,,,
EGBA14424LL,317.39,BK.25X4,24,12.38,B548A42,2,10.13,,,
EGBA14618CC,344.41,BK.25X6,18,16.88,B548A52,2,20.26,,,
EGBA14424CC,317.39,BK.25X4,24,12.38,B548A42,2,10.13,,,
EGBF14406LLT,141.81,BK.25X4T,6,14.63,B548A42COVER,2,13.51,PG.25x6,8,3.38
EGBF14406LL,128.31,BK.25X4,6,12.38,B548A42COVER,2,13.51,PG.25x6,8,3.38
EGBC14106EE,33.77,BK.25X1,6,5.63,,,,,,
EGBC14206NN,47.27,BK.25X2,6,7.88,,,,,,
EGBB14206EET,76.53,BK.25X2T,6,10.13,B548A62,2,7.88,,,
EGBB14206NN,63.03,BK.25X2,6,7.88,B548A62,2,7.88,,,
EGBA14406NN,94.54,BK.25X4,6,12.38,B548A42,2,10.13,,,
EGBB14106NN,49.52,BK.25X1,6,5.63,B548A62,2,7.88,,,
EGBA14406LL,94.54,BK.25X4,6,12.38,B548A42,2,10.13,,,
EGBA14406CCT,108.05,BK.25X4T,6,14.63,B548A42,2,10.13,,,
EGBA14406CC,94.54,BK.25X4,6,12.38,B548A42,2,10.13,,,
EGBA14406MM2QC,135.06,BK.25X4,6,12.38,B548A42,2,10.13,A800A23,3,13.51
EGBA14306CC,81.04,BK.25X3,6,10.13,B548A42,2,10.13,,,
EGBA14306NN,81.04,BK.25X3,6,10.13,B548A42,2,10.13,,,
EGBA14206SS,67.53,BK.25X2,6,7.88,B548A41,2,10.13,,,
EGBA14206NNT,81.04,BK.25X2T,6,10.13,B548A41,2,10.13,,,
EGBA14206NN,67.53,BK.25X2,6,7.88,B548A41,2,10.13,,,
EGBA14206JJ,67.53,BK.25X2,6,7.88,B548A41,2,10.13,,,
EGBA14206EE,67.53,BK.25X2,6,7.88,B548A41,2,10.13,,,
EGBA14206EET,81.04,BK.25X2T,6,10.13,B548A41,2,10.13,,,
EGBA14206GG,67.53,BK.25X2,6,7.88,B548A41,2,10.13,,,
EGBA14206EC,67.53,BK.25X2,6,7.88,B548A41,2,10.13,,,
EGBA14206BB,67.53,BK.25X2,6,7.88,B548A41,2,10.13,,,
EGBA14106NN,54.02,BK.25X1,6,5.63,B548A41,2,10.13,,,
EGBA14206BD,67.53,BK.25X2,6,7.88,B548A41,2,10.13,,,
EGBA14106HHT,67.53,BK.25X1T,6,7.88,B548A41,2,10.13,,,
EGBC14307NN,70.91,BK.25X3,7,10.13,,,,,,
EGBA12206NN,128.31,BK.5X2,6,18.01,B548A53,2,10.13,,,
EGBA14106HH,54.02,BK.25X1,6,5.63,B548A41,2,10.13,,,
EGBA14207BF,75.41,BK.25X2,7,7.88,B548A41,2,10.13,,,
EGBC14308LLT,99.04,BK.25X3T,8,12.38,,,,,,
EGBC14408GG,99.04,BK.25X4,8,12.38,,,,,,
EGBA14608AA,175.58,BK.25X6,8,16.88,B548A52,2,20.26,,,
EGBA38308NN,108.05,BK.375X3,8,10.97,B548A42,2,10.13,,,
EGBA14408NN,119.3,BK.25X4,8,12.38,B548A42,2,10.13,,,
EGBA14408MM,119.3,BK.25X4,8,12.38,B548A42,2,10.13,,,
EGBA14408BB,119.3,BK.25X4,8,12.38,B548A42,2,10.13,,,
EGBA14308NN,101.3,BK.25X3,8,10.13,B548A42,2,10.13,,,
EGBA14308JJ,101.3,BK.25X3,8,10.13,B548A42,2,10.13,,,
EGBA14308AA1TK,236.36,BK.25X3,8,10.13,B548A42,2,10.13,A809A07T,10,13.51
EGBA14208NN,83.29,BK.25X2,8,7.88,B548A41,2,10.13,,,
EGBA14208HHT,101.3,BK.25X2T,8,10.13,B548A41,2,10.13,,,
EGBA14208GG,83.29,BK.25X2,8,7.88,B548A41,2,10.13,,,
EGBA14208EE,83.29,BK.25X2,8,7.88,B548A41,2,10.13,,,
EGBA14208BF,83.29,BK.25X2,8,7.88,B548A41,2,10.13,,,
EGBA14208BB,83.29,BK.25X2,8,7.88,B548A41,2,10.13,,,
EGBA12408NN,182.33,BK.5X4,8,20.26,B548A54,2,10.13,,,
EGBB14209HHT,106.92,BK.25X2T,9,10.13,B548A62,2,7.88,,,
EGBA14209GGT,111.43,BK.25X2T,9,10.13,B548A41,2,10.13,,,
EGBA38509AA,202.59,BK.375X5,9,18.01,B548A52,2,20.26,,,
EGBC14310LL,101.3,BK.25X3,10,10.13,,,,,,
EGBC14110HH,56.28,BK.25X1,10,5.63,,,,,,
EGBA14410RR,144.07,BK.25X4,10,12.38,B548A42,2,10.13,,,
EGBA38410DB,155.32,BK.375X4,10,13.51,B548A42,2,10.13,,,
EGBA14410NNT,166.58,BK.25X4T,10,14.63,B548A42,2,10.13,,,
EGBA14410NN,144.07,BK.25X4,10,12.38,B548A42,2,10.13,,,
EGBA14410GGT,166.58,BK.25X4T,10,14.63,B548A42,2,10.13,,,
EGBA14410LL,144.07,BK.25X4,10,12.38,B548A42,2,10.13,,,
EGBA14410GG,144.07,BK.25X4,10,12.38,B548A42,2,10.13,,,
EGBA14410EE,144.07,BK.25X4,10,12.38,B548A42,2,10.13,,,
EGBA14410BB,144.07,BK.25X4,10,12.38,B548A42,2,10.13,,,
EGBA14410CC,144.07,BK.25X4,10,12.38,B548A42,2,10.13,,,
EGBA14410AAT,166.58,BK.25X4T,10,14.63,B548A42,2,10.13,,,
EGBA14410AA,144.07,BK.25X4,10,12.38,B548A42,2,10.13,,,
EGBA14210SS,99.04,BK.25X2,10,7.88,B548A41,2,10.13,,,
EGBA14310NN,121.55,BK.25X3,10,10.13,B548A42,2,10.13,,,
EGBA14210NN,99.04,BK.25X2,10,7.88,B548A41,2,10.13,,,
EGBA14210JJ,99.04,BK.25X2,10,7.88,B548A41,2,10.13,,,
EGBA14210JF,99.04,BK.25X2,10,7.88,B548A41,2,10.13,,,
EGBA14210JE,99.04,BK.25X2,10,7.88,B548A41,2,10.13,,,
EGBA14210HB,99.04,BK.25X2,10,7.88,B548A41,2,10.13,,,
EGBA14210GG,99.04,BK.25X2,10,7.88,B548A41,2,10.13,,,
EGBA14210EE,99.04,BK.25X2,10,7.88,B548A41,2,10.13,,,
EGBA14210BE,99.04,BK.25X2,10,7.88,B548A41,2,10.13,,,
EGBA14210BB,99.04,BK.25X2,10,7.88,B548A41,2,10.13,,,
EGBA14110NN,76.53,BK.25X1,10,5.63,B548A41,2,10.13,,,
EGBA12210JJ,200.34,BK.5X2,10,18.01,B548A53,2,10.13,,,
EGBF14412LLT,249.86,BK.25X4T,12,14.63,B548A42COVER,2,13.51,PG.25x6,14,3.38
EGBF14412LL,222.85,BK.25X4,12,12.38,B548A42COVER,2,13.51,PG.25x6,14,3.38
EGBF14412CC,222.85,BK.25X4,12,12.38,B548A42COVER,2,13.51,PG.25x6,14,3.38
EGBD14412NN,159.82,BK.25X4,12,12.38,B548A74,2,5.63,,,
EGBD14312CC2QK,267.87,BK.25X3,12,10.13,B548A74,2,5.63,A800A23,10,13.51
EGBD14212NN,105.8,BK.25X2,12,7.88,B548A74,2,5.63,,,
EGBC14412NN,148.57,BK.25X4,12,12.38,,,,,,
EGBC14412NNT,175.58,BK.25X4T,12,14.63,,,,,,
EGBC14312NN,121.55,BK.25X3,12,10.13,,,,,,
EGBC14212GG,94.54,BK.25X2,12,7.88,,,,,,
EGBC14212EE,94.54,BK.25X2,12,7.88,,,,,,
EGBC14212BFT,121.55,BK.25X2T,12,10.13,,,,,,
EGBC14212BB,94.54,BK.25X2,12,7.88,,,,,,
EGBB14412CCT,191.34,BK.25X4T,12,14.63,B548A63,2,7.88,,,
EGBB14412CC,164.32,BK.25X4,12,12.38,B548A63,2,7.88,,,
EGBB14412BB,164.32,BK.25X4,12,12.38,B548A63,2,7.88,,,
EGBB14312CB,137.31,BK.25X3,12,10.13,B548A63,2,7.88,,,
EGBB14212JJ,110.3,BK.25X2,12,7.88,B548A62,2,7.88,,,
EGBB14112HH,83.29,BK.25X1,12,5.63,B548A62,2,7.88,,,
EGBA38612GG,310.64,BK.375X6,12,22.51,B548A52,2,20.26,,,
EGBA38412NN,182.33,BK.375X4,12,13.51,B548A42,2,10.13,,,
EGBA38412HH,182.33,BK.375X4,12,13.51,B548A42,2,10.13,,,
EGBA38412GG,182.33,BK.375X4,12,13.51,B548A42,2,10.13,,,
EGBA38412CC,182.33,BK.375X4,12,13.51,B548A42,2,10.13,,,
EGBA38412BB,182.33,BK.375X4,12,13.51,B548A42,2,10.13,,,
EGBA38412AA,182.33,BK.375X4,12,13.51,B548A42,2,10.13,,,
EGBA38212NN,121.56,BK.375X2,12,8.44,B548A41,2,10.13,,,
EGBA38212EE,121.56,BK.375X2,12,8.44,B548A41,2,10.13,,,
EGBA14812BB,270.12,BK.25X8,12,19.13,B548A52,2,20.26,,,
EGBA14612CC,243.11,BK.25X6,12,16.88,B548A52,2,20.26,,,
EGBA14612BF,243.11,BK.25X6,12,16.88,B548A52,2,20.26,,,
EGBA14612BB,243.11,BK.25X6,12,16.88,B548A52,2,20.26,,,
EGBA14612AA,243.11,BK.25X6,12,16.88,B548A52,2,20.26,,,
EGBA14412RRT,195.84,BK.25X4T,12,14.63,B548A42,2,10.13,,,
EGBA14412RR,168.83,BK.25X4,12,12.38,B548A42,2,10.13,,,
EGBA14412QQT,195.84,BK.25X4T,12,14.63,B548A42,2,10.13,,,
EGBA14412QQ,168.83,BK.25X4,12,12.38,B548A42,2,10.13,,,
EGBA14412NNT,195.84,BK.25X4T,12,14.63,B548A42,2,10.13,,,
EGBA14412MMT,195.84,BK.25X4T,12,14.63,B548A42,2,10.13,,,
EGBA14412MM,168.83,BK.25X4,12,12.38,B548A42,2,10.13,,,
EGBA14412LLT,195.84,BK.25X4T,12,14.63,B548A42,2,10.13,,,
EGBA14412LB,168.83,BK.25X4,12,12.38,B548A42,2,10.13,,,
EGBA14412LL,168.83,BK.25X4,12,12.38,B548A42,2,10.13,,,
EGBA14412KK,168.83,BK.25X4,12,12.38,B548A42,2,10.13,,,
EGBA14412JJ,168.83,BK.25X4,12,12.38,B548A42,2,10.13,,,
EGBA14412JE,168.83,BK.25X4,12,12.38,B548A42,2,10.13,,,
EGBA14412GGT,195.84,BK.25X4T,12,14.63,B548A42,2,10.13,,,
EGBA14412GET,195.84,BK.25X4T,12,14.63,B548A42,2,10.13,,,
EGBA14412EE,168.83,BK.25X4,12,12.38,B548A42,2,10.13,,,
EGBA14412DG,168.83,BK.25X4,12,12.38,B548A42,2,10.13,,,
EGBA14412DD,168.83,BK.25X4,12,12.38,B548A42,2,10.13,,,
EGBA14412CF,168.83,BK.25X4,12,12.38,B548A42,2,10.13,,,
EGBA14412CC,168.83,BK.25X4,12,12.38,B548A42,2,10.13,,,
EGBA14412CCT,195.84,BK.25X4T,12,14.63,B548A42,2,10.13,,,
EGBA14412CBT,195.84,BK.25X4T,12,14.63,B548A42,2,10.13,,,
EGBA14412CB,168.83,BK.25X4,12,12.38,B548A42,2,10.13,,,
EGBA14412BE,168.83,BK.25X4,12,12.38,B548A42,2,10.13,,,
EGBA14412BD,168.83,BK.25X4,12,12.38,B548A42,2,10.13,,,
EGBA14412BBT,195.84,BK.25X4T,12,14.63,B548A42,2,10.13,,,
EGBA14412BB,168.83,BK.25X4,12,12.38,B548A42,2,10.13,,,
EGBA14412AAT,195.84,BK.25X4T,12,14.63,B548A42,2,10.13,,,
EGBA14412AA,168.83,BK.25X4,12,12.38,B548A42,2,10.13,,,
EGBA14312NN,141.81,BK.25X3,12,10.13,B548A42,2,10.13,,,
EGBA14312MMT,168.83,BK.25X3T,12,12.38,B548A42,2,10.13,,,
EGBA14312MM,141.81,BK.25X3,12,10.13,B548A42,2,10.13,,,
EGBA14312LL,141.81,BK.25X3,12,10.13,B548A42,2,10.13,,,
EGBA14312HH,141.81,BK.25X3,12,10.13,B548A42,2,10.13,,,
EGBA14312GG,141.81,BK.25X3,12,10.13,B548A42,2,10.13,,,
EGBA14312EE,141.81,BK.25X3,12,10.13,B548A42,2,10.13,,,
EGBA14312CC,141.81,BK.25X3,12,10.13,B548A42,2,10.13,,,
EGBA14312BBT,168.83,BK.25X3T,12,12.38,B548A42,2,10.13,,,
EGBA14312BB,141.81,BK.25X3,12,10.13,B548A42,2,10.13,,,
EGBA14312LL2QA,155.32,BK.25X3,12,10.13,B548A42,2,10.13,A800A23,1,13.51
EGBA14212NNT,141.81,BK.25X2T,12,10.13,B548A41,2,10.13,,,
EGBA14212NN,114.8,BK.25X2,12,7.88,B548A41,2,10.13,,,
EGBA14212JJT,141.81,BK.25X2T,12,10.13,B548A41,2,10.13,,,
EGBA14212JJ,114.8,BK.25X2,12,7.88,B548A41,2,10.13,,,
EGBA14212HHT,141.81,BK.25X2T,12,10.13,B548A41,2,10.13,,,
EGBA14212HH,114.8,BK.25X2,12,7.88,B548A41,2,10.13,,,
EGBA14212GG,114.8,BK.25X2,12,7.88,B548A41,2,10.13,,,
EGBA14212EET,141.81,BK.25X2T,12,10.13,B548A41,2,10.13,,,
EGBA14212EE,114.8,BK.25X2,12,7.88,B548A41,2,10.13,,,
EGBA14212ECT,141.81,BK.25X2T,12,10.13,B548A41,2,10.13,,,
EGBA14212EB,114.8,BK.25X2,12,7.88,B548A41,2,10.13,,,
EGBA14212DDT,141.81,BK.25X2T,12,10.13,B548A41,2,10.13,,,
EGBA14212DD,114.8,BK.25X2,12,7.88,B548A41,2,10.13,,,
EGBA14212BD,114.8,BK.25X2,12,7.88,B548A41,2,10.13,,,
EGBA14212BBT,141.81,BK.25X2T,12,10.13,B548A41,2,10.13,,,
EGBA14212BB,114.8,BK.25X2,12,7.88,B548A41,2,10.13,,,
EGBA14112NN,87.79,BK.25X1,12,5.63,B548A41,2,10.13,,,
EGBA14112HH,87.79,BK.25X1,12,5.63,B548A41,2,10.13,,,
EGBA14112EE,87.79,BK.25X1,12,5.63,B548A41,2,10.13,,,
EGBA12612NN,310.64,BK.5X6,12,22.51,B548A55,2,20.26,,,
EGBA12612LL,310.64,BK.5X6,12,22.51,B548A55,2,20.26,,,
EGBA12412NN,263.37,BK.5X4,12,20.26,B548A54,2,10.13,,,
EGBA12412GG,263.37,BK.5X4,12,20.26,B548A54,2,10.13,,,
EGBA12412CC,263.37,BK.5X4,12,20.26,B548A54,2,10.13,,,
EGBA12412AA,263.37,BK.5X4,12,20.26,B548A54,2,10.13,,,
EGBA12212NN,236.36,BK.5X2,12,18.01,B548A53,2,10.13,,,
EGBC14213EB,102.42,BK.25X2,13,7.88,,,,,,
EGBB14313GGT,176.7,BK.25X3T,13,12.38,B548A63,2,7.88,,,
EGBA14213NN,122.68,BK.25X2,13,7.88,B548A41,2,10.13,,,
EGBB14414CC,189.09,BK.25X4,14,12.38,B548A63,2,7.88,,,
EGBB14214NN,126.06,BK.25X2,14,7.88,B548A62,2,7.88,,,
EGBA14414RR,193.59,BK.25X4,14,12.38,B548A42,2,10.13,,,
EGBA14414NN,193.59,BK.25X4,14,12.38,B548A42,2,10.13,,,
EGBA14414MM,193.59,BK.25X4,14,12.38,B548A42,2,10.13,,,
EGBA14414LL,193.59,BK.25X4,14,12.38,B548A42,2,10.13,,,
EGBA14414KK,193.59,BK.25X4,14,12.38,B548A42,2,10.13,,,
EGBA14414GG,193.59,BK.25X4,14,12.38,B548A42,2,10.13,,,
EGBA14414EE,193.59,BK.25X4,14,12.38,B548A42,2,10.13,,,
EGBA14414CC,193.59,BK.25X4,14,12.38,B548A42,2,10.13,,,
EGBA14414CB,193.59,BK.25X4,14,12.38,B548A42,2,10.13,,,
EGBA14414BB,193.59,BK.25X4,14,12.38,B548A42,2,10.13,,,
EGBA14414BF,193.59,BK.25X4,14,12.38,B548A42,2,10.13,,,
EGBA14414AA,193.59,BK.25X4,14,12.38,B548A42,2,10.13,,,
EGBA14214NN,130.56,BK.25X2,14,7.88,B548A41,2,10.13,,,
EGBA14214GCT,162.07,BK.25X2T,14,10.13,B548A41,2,10.13,,,
EGBA14214HH,130.56,BK.25X2,14,7.88,B548A41,2,10.13,,,
EGBA14214EE,130.56,BK.25X2,14,7.88,B548A41,2,10.13,,,
EGBA14214BDT,162.07,BK.25X2T,14,10.13,B548A41,2,10.13,,,
EGBA14214BB,130.56,BK.25X2,14,7.88,B548A41,2,10.13,,,
EGBA12414BB,303.89,BK.5X4,14,20.26,B548A54,2,10.13,,,
EGBC14215NN,118.18,BK.25X2,15,7.88,,,,,,
EGBA14415LL,205.97,BK.25X4,15,12.38,B548A42,2,10.13,,,
EGBA14415GG,205.97,BK.25X4,15,12.38,B548A42,2,10.13,,,
EGBA14415CCT,239.73,BK.25X4T,15,14.63,B548A42,2,10.13,,,
EGBA14415CC,205.97,BK.25X4,15,12.38,B548A42,2,10.13,,,
EGBA14215NN,138.44,BK.25X2,15,7.88,B548A41,2,10.13,,,
EGBA14215JJT,172.2,BK.25X2T,15,10.13,B548A41,2,10.13,,,
EGBA14215JJ,138.44,BK.25X2,15,7.88,B548A41,2,10.13,,,
EGBA14215GG,138.44,BK.25X2,15,7.88,B548A41,2,10.13,,,
EGBA14215EET,172.2,BK.25X2T,15,10.13,B548A41,2,10.13,,,
EGBA14215BDT,172.2,BK.25X2T,15,10.13,B548A41,2,10.13,,,
EGBF14416LLT,321.9,BK.25X4T,16,14.63,B548A42COVER,2,13.51,PG.25x6,18,3.38
EGBD14416JET,245.36,BK.25X4T,16,14.63,B548A74,2,5.63,,,
EGBF14416LL,285.88,BK.25X4,16,12.38,B548A42COVER,2,13.51,PG.25x6,18,3.38
EGBC14416CAT,234.11,BK.25X4T,16,14.63,,,,,,
EGBC14416AA,198.09,BK.25X4,16,12.38,,,,,,
EGBC14316LL,162.07,BK.25X3,16,10.13,,,,,,
EGBA38416GG,236.36,BK.375X4,16,13.51,B548A42,2,10.13,,,
EGBA14416NNT,254.36,BK.25X4T,16,14.63,B548A42,2,10.13,,,
EGBA14416NN,218.35,BK.25X4,16,12.38,B548A42,2,10.13,,,
EGBA14416LLT,254.36,BK.25X4T,16,14.63,B548A42,2,10.13,,,
EGBA14416LL,218.35,BK.25X4,16,12.38,B548A42,2,10.13,,,
EGBA14416CF,218.35,BK.25X4,16,12.38,B548A42,2,10.13,,,
EGBA14416CCT,254.36,BK.25X4T,16,14.63,B548A42,2,10.13,,,
EGBA14416CC,218.35,BK.25X4,16,12.38,B548A42,2,10.13,,,
EGBA14416CA,218.35,BK.25X4,16,12.38,B548A42,2,10.13,,,
EGBA14416BB,218.35,BK.25X4,16,12.38,B548A42,2,10.13,,,
EGBA14416AAT,254.36,BK.25X4T,16,14.63,B548A42,2,10.13,,,
EGBA14416AA,218.35,BK.25X4,16,12.38,B548A42,2,10.13,,,
EGBA14316CC,182.33,BK.25X3,16,10.13,B548A42,2,10.13,,,
EGBA14216NNT,182.33,BK.25X2T,16,10.13,B548A41,2,10.13,,,
EGBA14216NN,146.32,BK.25X2,16,7.88,B548A41,2,10.13,,,
EGBA14216HH,146.32,BK.25X2,16,7.88,B548A41,2,10.13,,,
EGBA14216GG,146.32,BK.25X2,16,7.88,B548A41,2,10.13,,,
EGBA14216EE,146.32,BK.25X2,16,7.88,B548A41,2,10.13,,,
EGBA14216BB,146.32,BK.25X2,16,7.88,B548A41,2,10.13,,,
EGBA14116HH,110.3,BK.25X1,16,5.63,B548A41,2,10.13,,,
EGBA12416CA,344.41,BK.5X4,16,20.26,B548A54,2,10.13,,,
EGBA12416BD,344.41,BK.5X4,16,20.26,B548A54,2,10.13,,,
EGBA12416AA,344.41,BK.5X4,16,20.26,B548A54,2,10.13,,,
EGBF14418LL,317.39,BK.25X4,18,12.38,B548A42COVER,2,13.51,PG.25x6,20,3.38
EGBF14418CCT,357.91,BK.25X4T,18,14.63,B548A42COVER,2,13.51,PG.25x6,20,3.38
EGBF14418CC,317.39,BK.25X4,18,12.38,B548A42COVER,2,13.51,PG.25x6,20,3.38
EGBC14118HH,101.3,BK.25X1,18,5.63,,,,,,
EGBC14218EET,182.33,BK.25X2T,18,10.13,,,,,,
EGBB14418BB,238.61,BK.25X4,18,12.38,B548A63,2,7.88,,,
EGBB14318CB,198.09,BK.25X3,18,10.13,B548A63,2,7.88,,,
EGBA38418DB,263.37,BK.375X4,18,13.51,B548A42,2,10.13,,,
EGBA38418NN,263.37,BK.375X4,18,13.51,B548A42,2,10.13,,,
EGBA38418BB,263.37,BK.375X4,18,13.51,B548A42,2,10.13,,,
EGBA14418NN,243.11,BK.25X4,18,12.38,B548A42,2,10.13,,,
EGBA14418MM,243.11,BK.25X4,18,12.38,B548A42,2,10.13,,,
EGBA14418LLT,283.63,BK.25X4T,18,14.63,B548A42,2,10.13,,,
EGBA14418LL,243.11,BK.25X4,18,12.38,B548A42,2,10.13,,,
EGBA14418JJ,243.11,BK.25X4,18,12.38,B548A42,2,10.13,,,
EGBA14418GG,243.11,BK.25X4,18,12.38,B548A42,2,10.13,,,
EGBA14418DD,243.11,BK.25X4,18,12.38,B548A42,2,10.13,,,
EGBA14418EE,243.11,BK.25X4,18,12.38,B548A42,2,10.13,,,
EGBA14418CCT,283.63,BK.25X4T,18,14.63,B548A42,2,10.13,,,
EGBA14418CC,243.11,BK.25X4,18,12.38,B548A42,2,10.13,,,
EGBA14418BC,243.11,BK.25X4,18,12.38,B548A42,2,10.13,,,
EGBA14418BD,243.11,BK.25X4,18,12.38,B548A42,2,10.13,,,
EGBA14418BB,243.11,BK.25X4,18,12.38,B548A42,2,10.13,,,
EGBA14418AA,243.11,BK.25X4,18,12.38,B548A42,2,10.13,,,
EGBA14318GG,202.59,BK.25X3,18,10.13,B548A42,2,10.13,,,
EGBA14318NN,202.59,BK.25X3,18,10.13,B548A42,2,10.13,,,
EGBA14318DD,202.59,BK.25X3,18,10.13,B548A42,2,10.13,,,
EGBA14218HHT,202.59,BK.25X2T,18,10.13,B548A41,2,10.13,,,
EGBA14218NN,162.07,BK.25X2,18,7.88,B548A41,2,10.13,,,
EGBA14218HH,162.07,BK.25X2,18,7.88,B548A41,2,10.13,,,
EGBA14218GG,162.07,BK.25X2,18,7.88,B548A41,2,10.13,,,
EGBA14218EE,162.07,BK.25X2,18,7.88,B548A41,2,10.13,,,
EGBA14218BB,162.07,BK.25X2,18,7.88,B548A41,2,10.13,,,
EGBA14118NN,121.55,BK.25X1,18,5.63,B548A41,2,10.13,,,
EGBA12418NN,384.92,BK.5X4,18,20.26,B548A54,2,10.13,,,
EGBA12418MM,384.92,BK.5X4,18,20.26,B548A54,2,10.13,,,
EGBA12418EE,384.92,BK.5X4,18,20.26,B548A54,2,10.13,,,
EGBF14420LLT,393.93,BK.25X4T,20,14.63,B548A42COVER,2,13.51,PG.25x6,22,3.38
EGBF14420LL,348.91,BK.25X4,20,12.38,B548A42COVER,2,13.51,PG.25x6,22,3.38
EGBF14420CC,348.91,BK.25X4,20,12.38,B548A42COVER,2,13.51,PG.25x6,22,3.38
EGBB14420CC,263.37,BK.25X4,20,12.38,B548A63,2,7.88,,,
EGBA38420CC,290.38,BK.375X4,20,13.51,B548A42,2,10.13,,,
EGBA38320BF,239.73,BK.375X3,20,10.97,B548A42,2,10.13,,,
EGBA14420RR,267.87,BK.25X4,20,12.38,B548A42,2,10.13,,,
EGBA14420QQT,312.89,BK.25X4T,20,14.63,B548A42,2,10.13,,,
EGBA14420QQ,267.87,BK.25X4,20,12.38,B548A42,2,10.13,,,
EGBA14420NN,267.87,BK.25X4,20,12.38,B548A42,2,10.13,,,
EGBA14420MM,267.87,BK.25X4,20,12.38,B548A42,2,10.13,,,
EGBA14420LLT,312.89,BK.25X4T,20,14.63,B548A42,2,10.13,,,
EGBA14420LL,267.87,BK.25X4,20,12.38,B548A42,2,10.13,,,
EGBA14420HH,267.87,BK.25X4,20,12.38,B548A42,2,10.13,,,
EGBA14420GG,267.87,BK.25X4,20,12.38,B548A42,2,10.13,,,
EGBA14420CCT,312.89,BK.25X4T,20,14.63,B548A42,2,10.13,,,
EGBA14420CC,267.87,BK.25X4,20,12.38,B548A42,2,10.13,,,
EGBA14420CBT,312.89,BK.25X4T,20,14.63,B548A42,2,10.13,,,
EGBA14420CB,267.87,BK.25X4,20,12.38,B548A42,2,10.13,,,
EGBA14420BB,267.87,BK.25X4,20,12.38,B548A42,2,10.13,,,
EGBA14420AA,267.87,BK.25X4,20,12.38,B548A42,2,10.13,,,
EGBA14320CC,222.85,BK.25X3,20,10.13,B548A42,2,10.13,,,
EGBA14320BB,222.85,BK.25X3,20,10.13,B548A42,2,10.13,,,
EGBA14220JJ,177.83,BK.25X2,20,7.88,B548A41,2,10.13,,,
EGBA14220NN,177.83,BK.25X2,20,7.88,B548A41,2,10.13,,,
EGBA14220HH,177.83,BK.25X2,20,7.88,B548A41,2,10.13,,,
EGBA14220EE,177.83,BK.25X2,20,7.88,B548A41,2,10.13,,,
EGBA14220BE,177.83,BK.25X2,20,7.88,B548A41,2,10.13,,,
EGBA14220DGT,222.85,BK.25X2T,20,10.13,B548A41,2,10.13,,,
EGBA14220BB,177.83,BK.25X2,20,7.88,B548A41,2,10.13,,,
EGBA12420NN,425.44,BK.5X4,20,20.26,B548A54,2,10.13,,,
EGBA14421RR,280.25,BK.25X4,21,12.38,B548A42,2,10.13,,,
EGBA14422BD,292.63,BK.25X4,22,12.38,B548A42,2,10.13,,,
EGBF14424RR,411.94,BK.25X4,24,12.38,B548A42COVER,2,13.51,PG.25x6,26,3.38
EGBF14424LL,411.94,BK.25X4,24,12.38,B548A42COVER,2,13.51,PG.25x6,26,3.38
EGBF14424GG,411.94,BK.25X4,24,12.38,B548A42COVER,2,13.51,PG.25x6,26,3.38
EGBF12424CB,601.02,BK.5X4,24,20.26,B548A54COVER,2,13.51,PG.25x6,26,3.38
EGBF12424CC,601.02,BK.5X4,24,20.26,B548A54COVER,2,13.51,PG.25x6,26,3.38
EGBD14224BB,200.34,BK.25X2,24,7.88,B548A74,2,5.63,,,
EGBC14424NN,297.13,BK.25X4,24,12.38,,,,,,
EGBC14124NN,135.06,BK.25X1,24,5.63,,,,,,
EGBC14224NN,189.09,BK.25X2,24,7.88,,,,,,
EGBB38324NN,279.13,BK.375X3,24,10.97,B548A63,2,7.88,,,
EGBB14424JE,312.89,BK.25X4,24,12.38,B548A63,2,7.88,,,
EGBB14424CC,312.89,BK.25X4,24,12.38,B548A63,2,7.88,,,
EGBB14424EE,312.89,BK.25X4,24,12.38,B548A63,2,7.88,,,
EGBB14324CB,258.87,BK.25X3,24,10.13,B548A63,2,7.88,,,
EGBA38624LL,580.76,BK.375X6,24,22.51,B548A52,2,20.26,,,
EGBA38624CC,580.76,BK.375X6,24,22.51,B548A52,2,20.26,,,
EGBA38424DD,344.41,BK.375X4,24,13.51,B548A42,2,10.13,,,
EGBA38424BB,344.41,BK.375X4,24,13.51,B548A42,2,10.13,,,
EGBA14824MM,499.73,BK.25X8,24,19.13,B548A52,2,20.26,,,
EGBA14824NN,499.73,BK.25X8,24,19.13,B548A52,2,20.26,,,
EGBA14824DG,499.73,BK.25X8,24,19.13,B548A52,2,20.26,,,
EGBA14424RRT,371.42,BK.25X4T,24,14.63,B548A42,2,10.13,,,
EGBA14424QQT,371.42,BK.25X4T,24,14.63,B548A42,2,10.13,,,
EGBA14424RR,317.39,BK.25X4,24,12.38,B548A42,2,10.13,,,
EGBA14424QQ,317.39,BK.25X4,24,12.38,B548A42,2,10.13,,,
EGBA14424NNT,371.42,BK.25X4T,24,14.63,B548A42,2,10.13,,,
EGBA14424NN,317.39,BK.25X4,24,12.38,B548A42,2,10.13,,,
EGBA14424MM,317.39,BK.25X4,24,12.38,B548A42,2,10.13,,,
EGBA14424MMT,371.42,BK.25X4T,24,14.63,B548A42,2,10.13,,,
EGBA14424LLT,371.42,BK.25X4T,24,14.63,B548A42,2,10.13,,,
EGBA14424JJ,317.39,BK.25X4,24,12.38,B548A42,2,10.13,,,
EGBA14424KK,317.39,BK.25X4,24,12.38,B548A42,2,10.13,,,
EGBA14424JJT,371.42,BK.25X4T,24,14.63,B548A42,2,10.13,,,
EGBA14424GG,317.39,BK.25X4,24,12.38,B548A42,2,10.13,,,
EGBA14424EE,317.39,BK.25X4,24,12.38,B548A42,2,10.13,,,
EGBA14424GGT,371.42,BK.25X4T,24,14.63,B548A42,2,10.13,,,
EGBA14424DDT,371.42,BK.25X4T,24,14.63,B548A42,2,10.13,,,
EGBA14424CCT,371.42,BK.25X4T,24,14.63,B548A42,2,10.13,,,
EGBA14424CBT,371.42,BK.25X4T,24,14.63,B548A42,2,10.13,,,
EGBA14424DD,317.39,BK.25X4,24,12.38,B548A42,2,10.13,,,
EGBA14424CB,317.39,BK.25X4,24,12.38,B548A42,2,10.13,,,
EGBA14424BD,317.39,BK.25X4,24,12.38,B548A42,2,10.13,,,
EGBA14424BFT,371.42,BK.25X4T,24,14.63,B548A42,2,10.13,,,
EGBA14424CA,317.39,BK.25X4,24,12.38,B548A42,2,10.13,,,
EGBA14424BC,317.39,BK.25X4,24,12.38,B548A42,2,10.13,,,
EGBA14424AAT,371.42,BK.25X4T,24,14.63,B548A42,2,10.13,,,
EGBA14424BB,317.39,BK.25X4,24,12.38,B548A42,2,10.13,,,
EGBA14424BBT,371.42,BK.25X4T,24,14.63,B548A42,2,10.13,,,
EGBA14424AA,317.39,BK.25X4,24,12.38,B548A42,2,10.13,,,
EGBA14324LL,263.37,BK.25X3,24,10.13,B548A42,2,10.13,,,
EGBA14324NN,263.37,BK.25X3,24,10.13,B548A42,2,10.13,,,
EGBA14324GG,263.37,BK.25X3,24,10.13,B548A42,2,10.13,,,
EGBA14324EC,263.37,BK.25X3,24,10.13,B548A42,2,10.13,,,
EGBA14324DGT,317.39,BK.25X3T,24,12.38,B548A42,2,10.13,,,
EGBA14324CCT,317.39,BK.25X3T,24,12.38,B548A42,2,10.13,,,
EGBA14324CF,263.37,BK.25X3,24,10.13,B548A42,2,10.13,,,
EGBA14324CC,263.37,BK.25X3,24,10.13,B548A42,2,10.13,,,
EGBA14324BBT,317.39,BK.25X3T,24,12.38,B548A42,2,10.13,,,
EGBA14324BB,263.37,BK.25X3,24,10.13,B548A42,2,10.13,,,
EGBA14324AA,263.37,BK.25X3,24,10.13,B548A42,2,10.13,,,
EGBA14224JJ,209.34,BK.25X2,24,7.88,B548A41,2,10.13,,,
EGBA14224HH,209.34,BK.25X2,24,7.88,B548A41,2,10.13,,,
EGBA14224NN,209.34,BK.25X2,24,7.88,B548A41,2,10.13,,,
EGBA14224GGT,263.37,BK.25X2T,24,10.13,B548A41,2,10.13,,,
EGBA14224GG,209.34,BK.25X2,24,7.88,B548A41,2,10.13,,,
EGBA14224GE,209.34,BK.25X2,24,7.88,B548A41,2,10.13,,,
EGBA14224EET,263.37,BK.25X2T,24,10.13,B548A41,2,10.13,,,
EGBA14224EE,209.34,BK.25X2,24,7.88,B548A41,2,10.13,,,
EGBA14224DD,209.34,BK.25X2,24,7.88,B548A41,2,10.13,,,
EGBA14224BE,209.34,BK.25X2,24,7.88,B548A41,2,10.13,,,
EGBA14224BBT,263.37,BK.25X2T,24,10.13,B548A41,2,10.13,,,
EGBA14224BB,209.34,BK.25X2,24,7.88,B548A41,2,10.13,,,
EGBA14124NN,155.32,BK.25X1,24,5.63,B548A41,2,10.13,,,
EGBA12824NN,715.82,BK.5X8,24,28.14,B548A55,2,20.26,,,
EGBA12624RR,580.76,BK.5X6,24,22.51,B548A55,2,20.26,,,
EGBA12624NN,580.76,BK.5X6,24,22.51,B548A55,2,20.26,,,
EGBA12624CC,580.76,BK.5X6,24,22.51,B548A55,2,20.26,,,
EGBA12424NN,506.48,BK.5X4,24,20.26,B548A54,2,10.13,,,
EGBA12424CC,506.48,BK.5X4,24,20.26,B548A54,2,10.13,,,
EGBA12224NN,452.45,BK.5X2,24,18.01,B548A53,2,10.13,,,
EGBF12426CB,648.29,BK.5X4,26,20.26,B548A54COVER,2,13.51,PG.25x6,28,3.38
EGBA12224BB,452.45,BK.5X2,24,18.01,B548A53,2,10.13,,,
EGBC14428CC,346.66,BK.25X4,28,12.38,,,,,,
EGBA14428NN,366.92,BK.25X4,28,12.38,B548A42,2,10.13,,,
EGBA14428CC,366.92,BK.25X4,28,12.38,B548A42,2,10.13,,,
EGBA14428BDT,429.94,BK.25X4T,28,14.63,B548A42,2,10.13,,,
EGBC12230NN,540.24,BK.5X2,30,18.01,,,,,,
EGBB14330CB,319.64,BK.25X3,30,10.13,B548A63,2,7.88,,,
EGBB14230EET,319.64,BK.25X2T,30,10.13,B548A62,2,7.88,,,
EGBA38630LL,715.82,BK.375X6,30,22.51,B548A52,2,20.26,,,
EGBA38430NN,425.44,BK.375X4,30,13.51,B548A42,2,10.13,,,
EGBA38430CC,425.44,BK.375X4,30,13.51,B548A42,2,10.13,,,
EGBA14830CC,614.53,BK.25X8,30,19.13,B548A52,2,20.26,,,
EGBA14630RR,547,BK.25X6,30,16.88,B548A52,2,20.26,,,
EGBA14630NN,547,BK.25X6,30,16.88,B548A52,2,20.26,,,
EGBA14430NN,391.68,BK.25X4,30,12.38,B548A42,2,10.13,,,
EGBA14430LL,391.68,BK.25X4,30,12.38,B548A42,2,10.13,,,
EGBA14430CC,391.68,BK.25X4,30,12.38,B548A42,2,10.13,,,
EGBA14430CCT,459.21,BK.25X4T,30,14.63,B548A42,2,10.13,,,
EGBA14430BB,391.68,BK.25X4,30,12.38,B548A42,2,10.13,,,
EGBA14330CC,324.15,BK.25X3,30,10.13,B548A42,2,10.13,,,
EGBA14230HH,256.62,BK.25X2,30,7.88,B548A41,2,10.13,,,
EGBA14230EET,324.15,BK.25X2T,30,10.13,B548A41,2,10.13,,,
EGBA14230EE,256.62,BK.25X2,30,7.88,B548A41,2,10.13,,,
EGBA14230BB,256.62,BK.25X2,30,7.88,B548A41,2,10.13,,,
EGBA14432GG,416.44,BK.25X4,32,12.38,B548A42,2,10.13,,,
EGBA14432CC,416.44,BK.25X4,32,12.38,B548A42,2,10.13,,,
EGBA14432BB,416.44,BK.25X4,32,12.38,B548A42,2,10.13,,,
EGBA14433DBT,503.1,BK.25X4T,33,14.63,B548A42,2,10.13,,,
EGBA14434DD,441.2,BK.25X4,34,12.38,B548A42,2,10.13,,,
EGBA14434CC,441.2,BK.25X4,34,12.38,B548A42,2,10.13,,,
EGBF14436CC,601.02,BK.25X4,36,12.38,B548A42COVER,2,13.51,PG.25x6,38,3.38
EGBF12436LL,884.65,BK.5X4,36,20.26,B548A54COVER,2,13.51,PG.25x6,38,3.38
EGBF12436CB,884.65,BK.5X4,36,20.26,B548A54COVER,2,13.51,PG.25x6,38,3.38
EGBC14236NN,283.63,BK.25X2,36,7.88,,,,,,
EGBA38636JJ,850.88,BK.375X6,36,22.51,B548A52,2,20.26,,,
EGBA38436EE,506.48,BK.375X4,36,13.51,B548A42,2,10.13,,,
EGBA38236GG,324.15,BK.375X2,36,8.44,B548A41,2,10.13,,,
EGBA14836CC,729.33,BK.25X8,36,19.13,B548A52,2,20.26,,,
EGBA14836NN,729.33,BK.25X8,36,19.13,B548A52,2,20.26,,,
EGBA14836RR,729.33,BK.25X8,36,19.13,B548A52,2,20.26,,,
EGBA14636RR,648.29,BK.25X6,36,16.88,B548A52,2,20.26,,,
EGBA14636QQ,648.29,BK.25X6,36,16.88,B548A52,2,20.26,,,
EGBA14636LL,648.29,BK.25X6,36,16.88,B548A52,2,20.26,,,
EGBA14636CC,648.29,BK.25X6,36,16.88,B548A52,2,20.26,,,
EGBA14636BB,648.29,BK.25X6,36,16.88,B548A52,2,20.26,,,
EGBA14436QQ,465.96,BK.25X4,36,12.38,B548A42,2,10.13,,,
EGBA14436RR,465.96,BK.25X4,36,12.38,B548A42,2,10.13,,,
EGBA14436QQT,547,BK.25X4T,36,14.63,B548A42,2,10.13,,,
EGBA14436NN,465.96,BK.25X4,36,12.38,B548A42,2,10.13,,,
EGBA14436LLT,547,BK.25X4T,36,14.63,B548A42,2,10.13,,,
EGBA14436MM,465.96,BK.25X4,36,12.38,B548A42,2,10.13,,,
EGBA14436LL,465.96,BK.25X4,36,12.38,B548A42,2,10.13,,,
EGBA14436JJ,465.96,BK.25X4,36,12.38,B548A42,2,10.13,,,
EGBA14436EE,465.96,BK.25X4,36,12.38,B548A42,2,10.13,,,
EGBA14436GG,465.96,BK.25X4,36,12.38,B548A42,2,10.13,,,
EGBA14436DD,465.96,BK.25X4,36,12.38,B548A42,2,10.13,,,
EGBA14436CB,465.96,BK.25X4,36,12.38,B548A42,2,10.13,,,
EGBA14436CC,465.96,BK.25X4,36,12.38,B548A42,2,10.13,,,
EGBA14436CCT,547,BK.25X4T,36,14.63,B548A42,2,10.13,,,
EGBA14436BB,465.96,BK.25X4,36,12.38,B548A42,2,10.13,,,
EGBA14436AA,465.96,BK.25X4,36,12.38,B548A42,2,10.13,,,
EGBA14436AAT,547,BK.25X4T,36,14.63,B548A42,2,10.13,,,
EGBA14336NN,384.92,BK.25X3,36,10.13,B548A42,2,10.13,,,
EGBA14336DGT,465.96,BK.25X3T,36,12.38,B548A42,2,10.13,,,
EGBA14336BBT,465.96,BK.25X3T,36,12.38,B548A42,2,10.13,,,
EGBA14336CC,384.92,BK.25X3,36,10.13,B548A42,2,10.13,,,
EGBA14336BB,384.92,BK.25X3,36,10.13,B548A42,2,10.13,,,
EGBA14236NNT,384.92,BK.25X2T,36,10.13,B548A41,2,10.13,,,
EGBA14236GG,303.89,BK.25X2,36,7.88,B548A41,2,10.13,,,
EGBA14236EE,303.89,BK.25X2,36,7.88,B548A41,2,10.13,,,
EGBA14236NN,303.89,BK.25X2,36,7.88,B548A41,2,10.13,,,
EGBA14236DD,303.89,BK.25X2,36,7.88,B548A41,2,10.13,,,
EGBA14236BD,303.89,BK.25X2,36,7.88,B548A41,2,10.13,,,
EGBA12636LL,850.88,BK.5X6,36,22.51,B548A55,2,20.26,,,
EGBA14236BB,303.89,BK.25X2,36,7.88,B548A41,2,10.13,,,
EGBA12636CC,850.88,BK.5X6,36,22.51,B548A55,2,20.26,,,
EGBA12436MM,749.59,BK.5X4,36,20.26,B548A54,2,10.13,,,
EGBF14440QQ,677.56,BK.25X4,40,12.38,B548A42COVER,3,13.51,PG.25x6,42,3.38
EGBA14440CC,525.61,BK.25X4,40,12.38,B548A42,3,10.13,,,
EGBB14240EE,338.78,BK.25X2,40,7.88,B548A62,3,7.88,,,
EGBA38642LL,"1,006.21",BK.375X6,42,22.51,B548A52,3,20.26,,,
EGBA14240EET,435.57,BK.25X2T,40,10.13,B548A41,3,10.13,,,
EGBA14442CB,550.37,BK.25X4,42,12.38,B548A42,3,10.13,,,
EGBA14442CC,550.37,BK.25X4,42,12.38,B548A42,3,10.13,,,
EGBA12842NN,"1,242.56",BK.5X8,42,28.14,B548A55,3,20.26,,,
EGBF14448CC,803.61,BK.25X4,48,12.38,B548A42COVER,3,13.51,PG.25x6,50,3.38
EGBF12448CC,"1,181.78",BK.5X4,48,20.26,B548A54COVER,3,13.51,PG.25x6,50,3.38
EGBF14448CCT,911.66,BK.25X4T,48,14.63,B548A42COVER,3,13.51,PG.25x6,50,3.38
EGBC14248NN,378.17,BK.25X2,48,7.88,,,,,,
EGBC14448NN,594.27,BK.25X4,48,12.38,,,,,,
EGBA38448NN,678.68,BK.375X4,48,13.51,B548A42,3,10.13,,,
EGBF12448CB,"1,181.78",BK.5X4,48,20.26,B548A54COVER,3,13.51,PG.25x6,50,3.38
EGBA38448LL,678.68,BK.375X4,48,13.51,B548A42,3,10.13,,,
EGBA38448GG,678.68,BK.375X4,48,13.51,B548A42,3,10.13,,,
EGBA38448CB,678.68,BK.375X4,48,13.51,B548A42,3,10.13,,,
EGBA38448BB,678.68,BK.375X4,48,13.51,B548A42,3,10.13,,,
EGBA38248EE,435.57,BK.375X2,48,8.44,B548A41,3,10.13,,,
EGBA14648CC,871.14,BK.25X6,48,16.88,B548A52,3,20.26,,,
EGBA14648NN,871.14,BK.25X6,48,16.88,B548A52,3,20.26,,,
EGBA14648BB,871.14,BK.25X6,48,16.88,B548A52,3,20.26,,,
EGBA14448RR,624.66,BK.25X4,48,12.38,B548A42,3,10.13,,,
EGBA14448NNT,732.71,BK.25X4T,48,14.63,B548A42,3,10.13,,,
EGBA14448NN,624.66,BK.25X4,48,12.38,B548A42,3,10.13,,,
EGBA14448MM,624.66,BK.25X4,48,12.38,B548A42,3,10.13,,,
EGBA14448LL,624.66,BK.25X4,48,12.38,B548A42,3,10.13,,,
EGBA14448GG,624.66,BK.25X4,48,12.38,B548A42,3,10.13,,,
EGBA14448CCT,732.71,BK.25X4T,48,14.63,B548A42,3,10.13,,,
EGBA14448CC,624.66,BK.25X4,48,12.38,B548A42,3,10.13,,,
EGBA14448CB,624.66,BK.25X4,48,12.38,B548A42,3,10.13,,,
EGBA14448AA,624.66,BK.25X4,48,12.38,B548A42,3,10.13,,,
EGBA14348NN,516.61,BK.25X3,48,10.13,B548A42,3,10.13,,,
EGBA14348DGT,624.66,BK.25X3T,48,12.38,B548A42,3,10.13,,,
EGBA14348CC,516.61,BK.25X3,48,10.13,B548A42,3,10.13,,,
EGBA14248NN,408.56,BK.25X2,48,7.88,B548A41,3,10.13,,,
EGBA14248GG,408.56,BK.25X2,48,7.88,B548A41,3,10.13,,,
EGBA14248JJ,408.56,BK.25X2,48,7.88,B548A41,3,10.13,,,
EGBA14248BB,408.56,BK.25X2,48,7.88,B548A41,3,10.13,,,
EGBA14148NN,300.51,BK.25X1,48,5.63,B548A41,3,10.13,,,
EGBA12448NN,"1,002.83",BK.5X4,48,20.26,B548A54,3,10.13,,,
EGBA14450EB,649.42,BK.25X4,50,12.38,B548A42,3,10.13,,,
EGBA14250BD,424.32,BK.25X2,50,7.88,B548A41,3,10.13,,,
EGBA14354CC,577.39,BK.25X3,54,10.13,B548A42,3,10.13,,,
EGBA38460NN,840.76,BK.375X4,60,13.51,B548A42,3,10.13,,,
EGBA14256JJ,471.59,BK.25X2,56,7.88,B548A41,3,10.13,,,
EGBA38460BB,840.76,BK.375X4,60,13.51,B548A42,3,10.13,,,
EGBA14660CC,"1,073.74",BK.25X6,60,16.88,B548A52,3,20.26,,,
EGBA14460GG,773.22,BK.25X4,60,12.38,B548A42,3,10.13,,,
EGBA14460CCT,908.29,BK.25X4T,60,14.63,B548A42,3,10.13,,,
EGBA14460CC,773.22,BK.25X4,60,12.38,B548A42,3,10.13,,,
EGBA14360DGT,773.22,BK.25X3T,60,12.38,B548A42,3,10.13,,,
EGBA14260NN,503.1,BK.25X2,60,7.88,B548A41,3,10.13,,,
EGBA14260JJ,503.1,BK.25X2,60,7.88,B548A41,3,10.13,,,
EGBA14260BB,503.1,BK.25X2,60,7.88,B548A41,3,10.13,,,
EGBA12460NN,"1,245.94",BK.5X4,60,20.26,B548A54,3,10.13,,,
EGBA14270EE,581.89,BK.25X2,70,7.88,B548A41,3,10.13,,,
EGBA14472CC,921.79,BK.25X4,72,12.38,B548A42,3,10.13,,,
EGBA14472CB,921.79,BK.25X4,72,12.38,B548A42,3,10.13,,,
EGBA14472BB,921.79,BK.25X4,72,12.38,B548A42,3,10.13,,,
EGBA14372GG,759.72,BK.25X3,72,10.13,B548A42,3,10.13,,,
EGBA14272NN,597.65,BK.25X2,72,7.88,B548A41,3,10.13,,,
EGBA14172NN,435.57,BK.25X1,72,5.63,B548A41,3,10.13,,,
EGBA14480GG,"1,030.97",BK.25X4,80,12.38,B548A42,4,10.13,,,
EGBD14284NN,684.31,BK.25X2,84,7.88,B548A74,4,5.63,,,
EGBA14384CCT,"1,080.49",BK.25X3T,84,12.38,B548A42,4,10.13,,,
EGBC14296NN,756.34,BK.25X2,96,7.88,,,,,,
EGBA14496NN,"1,229.06",BK.25X4,96,12.38,B548A42,4,10.13,,,
EGBA14496EE,"1,229.06",BK.25X4,96,12.38,B548A42,4,10.13,,,
EGBA14496CC,"1,229.06",BK.25X4,96,12.38,B548A42,4,10.13,,,
EGBA14396NN,"1,012.96",BK.25X3,96,10.13,B548A42,4,10.13,,,
EGBA14396EC,"1,012.96",BK.25X3,96,10.13,B548A42,4,10.13,,,
EGBA14296NN,796.86,BK.25X2,96,7.88,B548A41,4,10.13,,,
EGBA14296BD,796.86,BK.25X2,96,7.88,B548A41,4,10.13,,,
EGBA14296BB,796.86,BK.25X2,96,7.88,B548A41,4,10.13,,,
EGBA384120CB,"1,671.38",BK.375X4,120,13.51,B548A42,5,10.13,,,
EGBA384120BB,"1,671.38",BK.375X4,120,13.51,B548A42,5,10.13,,,
EGBA146120NN,"2,127.21",BK.25X6,120,16.88,B548A52,5,20.26,,,
EGBA144120CCT,"1,806.44",BK.25X4T,120,14.63,B548A42,5,10.13,,,
EGBA143120DGT,"1,536.32",BK.25X3T,120,12.38,B548A42,5,10.13,,,
EGBA144144LL,"1,843.58",BK.25X4,144,12.38,B548A42,6,10.13,,,
EGBA142120JJ,996.08,BK.25X2,120,7.88,B548A41,5,10.13,,,
EGBA142120EE,996.08,BK.25X2,120,7.88,B548A41,5,10.13,,,
EGBA142144EE,"1,195.29",BK.25X2,144,7.88,B548A41,6,10.13,,,
EGBA14412EC,168.83,BK.25X4,12,12.38,B548A42,2,10.13,,,
EGBA14412HH,168.83,BK.25X4,12,12.38,B548A42,2,10.13,,,
EGBA14412CCT1TK,330.9,BK.25X4T,12,14.63,B548A42,2,10.13,A809A07T,10,13.51
EGBA14412AA1TD,222.85,BK.25X4,12,12.38,B548A42,2,10.13,A809A07T,4,13.51
EGBA14212EE2GH,222.85,BK.25X2,12,7.88,B548A41,2,10.13,A800A08,8,13.51
EGBA14412BBT2GK,330.9,BK.25X4T,12,14.63,B548A42,2,10.13,A800A08,10,13.51
EGBA14420DG1TE,335.4,BK.25X4,20,12.38,B548A42,2,10.13,A809A07T,5,13.51
EGBA14222EET,243.11,BK.25X2T,22,10.13,B548A41,2,10.13,,,
EGBA14420LLT2GT,664.05,BK.25X4T,20,14.63,B548A42,2,10.13,A800A08,26,13.51
EGBF14424CC,411.94,BK.25X4,24,12.38,B548A42COVER,2,13.51,PG.25x6,26,3.38
EGBA14324LLT,317.39,BK.25X3T,24,12.38,B548A42,2,10.13,,,
EGBA14824LL,499.73,BK.25X8,24,19.13,B548A52,2,20.26,,,
EGBA38424CC,344.41,BK.375X4,24,13.51,B548A42,2,10.13,,,
EGBB14433DBT,498.6,BK.25X4T,33,14.63,B548A63,2,7.88,,,
EGBA38448CC,678.68,BK.375X4,48,13.51,B548A42,3,10.13,,,
EGBA14636NN,648.29,BK.25X6,36,16.88,B548A52,2,20.26,,,
EGBA14448BB,624.66,BK.25X4,48,12.38,B548A42,3,10.13,,,
EGBA144120NN,"1,536.32",BK.25X4,120,12.38,B548A42,5,10.13,,,
EGBD14336CC2QK,510.98,BK.25X3,36,10.13,B548A74,2,5.63,A800A23,10,13.51
